<launch>
  <!-- Run RPLidar -->
  <node pkg="sllidar_ros2" exec="sllidar_node" name="sllidar_node">
    <param from="$(find-pkg-share joy2cmd)/param/rplidar.param.yaml" />
  </node>

  <!-- Run scan 2 grid -->
  <node pkg="sub_test" exec="run_scan2grid" name="scan2grid"/>

  <!-- Joy node -->
  <node pkg="joy" exec="joy_node" name="joy" respawn="true" >
    <param name="dev" value="/dev/input/js0" />
    <param name="dev_ff" value="/dev/input/event8" />
    <param name="deadzone" value="0.12" />
  </node>

  <!-- Run Test -->
  <node pkg="joy2cmd" exec="joy2cmd" name="collision_test">
    <param from="$(find-pkg-share joy2cmd)/param/collision.param.yaml" />
  </node>
</launch>
